{"precision": 0.8835418085199745, "recall": 0.85009578544061, "f1-score": 0.89100109626105}

